graph_type,graph_size,edge_count,has_negative_edges,dijkstra_time,dijkstra_operations,dijkstra_path_length,dijkstra_cost,bellman_ford_time,bellman_ford_operations,bellman_ford_path_length,bellman_ford_cost,has_negative_cycle,astar_time,astar_operations,astar_path_length,astar_cost
sparse_10,10,8,False,2.0899999071843922e-05,2,2,2.7895388561798367,3.400000059627928e-05,58,2,2.7895388561798367,False,7.90000194683671e-06,2,2,2.7895388561798367
sparse_20,20,24,False,3.529999958118424e-05,17,5,16.421024598504722,7.580000237794593e-05,202,5,16.421024598504722,False,2.519999907235615e-05,17,5,16.421024598504722
sparse_50,50,117,False,6.7299999500392e-05,23,5,11.450945359893103,0.00037679999877582304,1162,5,11.450945359893103,False,5.5199998314492404e-05,23,5,11.450945359893103
dense_10,10,25,False,2.6199999410891905e-05,8,2,5.046364107960983,5.3899999329587445e-05,205,2,5.046364107960983,False,1.720000000204891e-05,8,2,5.046364107960983
dense_20,20,92,False,2.3799999326001853e-05,2,2,3.4029489426785213,0.0001415999977325555,662,2,3.4029489426785213,False,1.0700001439545304e-05,2,2,3.4029489426785213
dense_30,30,212,False,5.859999873791821e-05,10,3,3.6273622625955255,0.00028870000096503645,1582,3,3.6273622625955255,False,7.94000006862916e-05,10,3,3.6273622625955255
negative_10,10,14,True,0.0,0,0,inf,8.50000033096876e-05,228,0,inf,True,0.0,0,0,inf
negative_15,15,34,True,0.0,0,0,inf,0.0002812999991874676,935,0,inf,True,0.0,0,0,inf
negative_20,20,49,True,0.0,0,0,inf,0.0005261000005702954,1811,0,inf,True,0.0,0,0,inf
