grid_size,obstacles,astar_time,astar_operations,astar_path_length,astar_cost,width,height,obstacle_prob
100,13,4.9199999921256676e-05,11,8,7.0,10,10,0.1
100,18,2.3199998395284638e-05,5,5,4.0,10,10,0.2
100,35,0.00015870000061113387,57,0,inf,10,10,0.3
400,34,0.00012829999832320027,27,11,10.0,20,20,0.1
400,72,0.0001432999997632578,44,14,13.0,20,20,0.2
400,114,0.0001768000001902692,58,26,25.0,20,20,0.3
900,79,0.0002404000006208662,73,28,27.0,30,30,0.1
900,186,0.00031970000054570846,104,31,30.0,30,30,0.2
