grid_size,obstacles,astar_time,astar_operations,astar_path_length,astar_cost,width,height,obstacle_prob
100,13,3.369990736246109e-05,11,8,7.0,10,10,0.1
100,18,1.3699987903237343e-05,5,5,4.0,10,10,0.2
100,35,0.00010710000060498714,57,0,inf,10,10,0.3
400,34,6.770016625523567e-05,27,11,10.0,20,20,0.1
400,72,9.720004163682461e-05,44,14,13.0,20,20,0.2
400,114,0.00012029986828565598,58,26,25.0,20,20,0.3
900,79,0.00016830000095069408,73,28,27.0,30,30,0.1
900,186,0.0002204999327659607,104,31,30.0,30,30,0.2
